eval_loss,accuracy,f1_score,report
0.24635170499483744,0.9566698564593301,0.5136071251855517,"{'CHAR': {'precision': 0.5512820512820513, 'recall': 0.4195121951219512, 'f1-score': 0.47645429362880887, 'support': 820}, 'LOC': {'precision': 0.546875, 'recall': 0.8101851851851852, 'f1-score': 0.6529850746268657, 'support': 216}, 'ORG': {'precision': 0.0, 'recall': 0.0, 'f1-score': 0.0, 'support': 2}, 'micro avg': {'precision': 0.5279755849440488, 'recall': 0.5, 'f1-score': 0.5136071251855517, 'support': 1038}, 'macro avg': {'precision': 0.36605235042735046, 'recall': 0.4098991267690455, 'f1-score': 0.37647978941855814, 'support': 1038}, 'weighted avg': {'precision': 0.549302776542661, 'recall': 0.5, 'f1-score': 0.5122709989354781, 'support': 1038}}"
