eval_loss,accuracy,f1_score,report
0.1471862779178012,0.976338292140096,0.7369226843582548,"{'CHAR': {'precision': 0.7928007023705005, 'recall': 0.7115839243498818, 'f1-score': 0.7500000000000001, 'support': 1269}, 'LOC': {'precision': 0.8571428571428571, 'recall': 0.8555347091932458, 'f1-score': 0.856338028169014, 'support': 533}, 'ORG': {'precision': 0.6967213114754098, 'recall': 0.2623456790123457, 'f1-score': 0.3811659192825112, 'support': 324}, 'micro avg': {'precision': 0.8053541550474066, 'recall': 0.6792097836312324, 'f1-score': 0.7369226843582548, 'support': 2126}, 'macro avg': {'precision': 0.7822216236629225, 'recall': 0.609821437518491, 'f1-score': 0.6625013158171752, 'support': 2126}, 'weighted avg': {'precision': 0.7942892469818159, 'recall': 0.6792097836312324, 'f1-score': 0.7204496363413069, 'support': 2126}}"
