eval_loss,accuracy,f1_score,report
0.18179167785013142,0.968958650579829,0.6774193548387097,"{'CHAR': {'precision': 0.7103574702108157, 'recall': 0.6107171000788022, 'f1-score': 0.6567796610169491, 'support': 1269}, 'LOC': {'precision': 0.6695906432748538, 'recall': 0.8592870544090057, 'f1-score': 0.7526705012325391, 'support': 533}, 'ORG': {'precision': 0.5729442970822282, 'recall': 0.6666666666666666, 'f1-score': 0.616262482168331, 'support': 324}, 'micro avg': {'precision': 0.6733271375464684, 'recall': 0.6815616180620885, 'f1-score': 0.6774193548387097, 'support': 2126}, 'macro avg': {'precision': 0.6509641368559659, 'recall': 0.7122236070514915, 'f1-score': 0.6752375481392731, 'support': 2126}, 'weighted avg': {'precision': 0.6791953879669164, 'recall': 0.6815616180620885, 'f1-score': 0.6746452545672582, 'support': 2126}}"
