eval_loss,accuracy,f1_score,report
0.06018574743842085,0.9903923444976076,0.8756601056168988,"{'CHAR': {'precision': 0.8611793611793612, 'recall': 0.8548780487804878, 'f1-score': 0.8580171358629132, 'support': 820}, 'LOC': {'precision': 0.9130434782608695, 'recall': 0.9722222222222222, 'f1-score': 0.9417040358744394, 'support': 216}, 'ORG': {'precision': 1.0, 'recall': 0.5, 'f1-score': 0.6666666666666666, 'support': 2}, 'micro avg': {'precision': 0.8727272727272727, 'recall': 0.8786127167630058, 'f1-score': 0.8756601056168988, 'support': 1038}, 'macro avg': {'precision': 0.9247409464800769, 'recall': 0.7757000903342366, 'f1-score': 0.8221292794680064, 'support': 1038}, 'weighted avg': {'precision': 0.8722393713597533, 'recall': 0.8786127167630058, 'f1-score': 0.8750630602021205, 'support': 1038}}"
