eval_loss,accuracy,f1_score,report
0.2985211599331636,0.9614618718519387,0.5350760202720726,"{'CHAR': {'precision': 0.7712820512820513, 'recall': 0.4867313915857605, 'f1-score': 0.5968253968253968, 'support': 1545}, 'LOC': {'precision': 0.6738544474393531, 'recall': 0.46904315196998125, 'f1-score': 0.5530973451327434, 'support': 533}, 'ORG': {'precision': 1.0, 'recall': 0.0030864197530864196, 'f1-score': 0.006153846153846154, 'support': 324}, 'micro avg': {'precision': 0.7446176688938382, 'recall': 0.41756869275603664, 'f1-score': 0.5350760202720726, 'support': 2402}, 'macro avg': {'precision': 0.8150454995738015, 'recall': 0.31962032110294275, 'f1-score': 0.3853588627039955, 'support': 2402}, 'weighted avg': {'precision': 0.7805142338534323, 'recall': 0.41756869275603664, 'f1-score': 0.5074479472126713, 'support': 2402}}"
